male-percentage,female-percentage,p-value
8.108333640396491,6.037043996033533,1.0934375015789024
