urban-percentage,rural-percentage,p-value
13.424759674746731,4.243962545210197,1.1507913872781281
