overallid,vaccinationratio,populationratio,ratioofratios
1,1.1285215196236613,1.0600330702793592,1.0646097289457703
