overallid,vaccinationratio,populationratio,ratioofratios
1,0.797184017686098,1.0601361896134174,0.7519637811598472
