overallid,vaccinateddose1ratio,vaccinateddose2ratio
1,0.32986352707652705,0.0953351604458471
