overallid,vaccinateddose1ratio,vaccinateddose2ratio
1,0.3357030517584826,0.095396025546268
