overallid,vaccinateddose1ratio,vaccinateddose2ratio
1,0.3295391206002882,0.09537936064588508
