overallid,vaccinationratio,populationratio,ratioofratios
1,1.1317024853910032,1.0600330702793592,1.0676105464264019
