overallid,vaccinateddose1ratio,vaccinateddose2ratio
1,0.32945428667339177,0.09523651010789737
