overallid,vaccinationratio,populationratio,ratioofratios
1,0.8861151361415593,0.9433667949024098,0.9393113483851495
