overallid,vaccinationratio,populationratio,ratioofratios
1,1.1321907334716732,1.0601949169728409,1.0679080943949448
