overallid,vaccinationratio,populationratio,ratioofratios
1,0.7969588336271918,1.060143979877793,0.7517458465585594
