overallid,vaccinateddose1ratio,vaccinateddose2ratio
1,0.32829300397451744,0.09478516005862525
